PLAN_ID,PARTY_ID,ID_PILAR,PROYECTO,APROPIACION_DEFINITIVA,COMPROMISOS
6279,6319,6291,P1. Dise帽o y renovaci贸n curricular de los programas acad茅micos,"$ 43,661,040","$ 39,254,917"
6279,6320,6291,P2. Evaluaci贸n y aseguramiento de la calidad,"$ 224,485,640","$ 220,343,460"
6279,6321,6291,P3. Acceso e inserci贸n a la vida universitaria,"$ 31,147,553","$ 30,821,000"
6279,6322,6291,P4. Acompa帽amiento y seguimiento acad茅mico,"$ 182,265,671","$ 175,802,708"
6279,6323,6291,P5. Formaci贸n docente: avanzada continua y permanente,"$ 501,513,078","$ 433,591,213"
6279,6324,6291,P6. Acompa帽amiento al desarrollo del egresado,"$ 88,225,320","$ 88,225,320"
6279,6325,6291,P7. Vinculaci贸n de los egresados a los procesos institucionales,"$ 27,112,660","$ 27,112,660"
6279,6326,6291,P8. Aseguramiento de la infraestructura tecnologica para soportar los procesos de formaci贸n con TIC,"$ 12,733,000","$ 10,227,285"
6279,6327,6291,P9. Desarrollo de Ecosistemas TIC enfocados a experiencias y ambientes educativos interactivos,"$ 97,725,000","$ 97,725,000"
6279,6328,6291,P10. Formaci贸n Acad茅mica mediada por ambientes virtuales,"$ 23,127,456","$ 12,935,000"
6279,6329,6291,P11. Capacidad acad茅mica y administrativa que garantice la proyecci贸n de la Educaci贸n Superior con TIC,"$ 10,944,800","$ 10,934,200"
6279,6330,6292,P12. Fortalecimiento de la Investigaci贸n Institucional,"$ 1,678,132,805","$ 1,670,518,778"
6279,6331,6292,P13. Internacionalizaci贸n de la Investigaci贸n Innovaci贸n y Extensi贸n,"$ 20,960,000","$ 20,960,000"
6279,6332,6292,P14. Fomento y Fortalecimiento de la Extensi贸n Universitaria,"$ 352,416,231","$ 284,312,210"
6279,6333,6292,P15. Promoci贸n comercializaci贸n y transferencia de capacidades institucionales a trav茅s de la prestaci贸n de Servicios de Extensi贸n,"$ 20,068,269","$ 20,068,269"
6279,6334,6292,P16. Vinculaci贸n de los estudiantes en el entorno a trav茅s de las pr谩cticas universitarias,"$ 26,468,220","$ 26,468,220"
6279,6335,6292,P17. Consolidaci贸n de las capacidades institucionales para la Gesti贸n del conocimiento Innovaci贸n y Emprendimiento,"$ 254,770,531","$ 253,903,912"
6279,6336,6292,P18. Centro de innovaci贸n y desarrollo tecnol贸gico,$ -,$ -
6279,6337,6292,P19. Nodo de Innovaci贸n en Biodiversidad,"$ 8,253,569","$ 8,253,000"
6279,6338,6292,P20. Implementaci贸n del Centro de Desarrollo Tecnol贸gico con Enfoque en Agroindustria para el Departamento De Risaralda,$ -,$ -
6279,6339,6293,P21. Articulaci贸n interna para la participaci贸n en escenarios externos y el desarrollo profesional del egresado,"$ 111,522,800","$ 111,522,800"
6279,6340,6293,P22. Banco de proyectos para la gesti贸n institucional,"$ 74,508,682","$ 74,508,682"
6279,6341,6293,P23. UTP como territorio de paz convivencia ciudadan铆a y democracia,"$ 20,874,910","$ 16,966,080"
6279,6342,6293,P24. Ofertas acad茅micas gesti贸n de proyectos y alianzas para la ciudadan铆a la convivencia la democracia y la paz,"$ 29,916,896","$ 27,349,089"
6279,6343,6293,P25. Procesos de gesti贸n que aportan a la integraci贸n acad茅mica el desarrollo sostenible y la competitividad nacional,"$ 482,259,600","$ 421,546,747"
6279,6344,6293,P26. Movilizaci贸n social para la articulaci贸n de capacidades del territorio,"$ 162,942,712","$ 162,942,712"
6279,6345,6293,P27. Cooperaci贸n y movilidad nacional e internacional,"$ 83,557,337","$ 79,597,226"
6279,6346,6293,P28. Internacionalizaci贸n en casa,"$ 430,697,278","$ 417,267,147"
6279,6347,6294,P29. Sistema de Informaci贸n Institucional,"$ 992,206,257","$ 972,908,117"
6279,6348,6294,P30. Sostenibilidad de la Infraestructura Tecnol贸gica,"$ 8,320,742,103","$ 6,121,415,395"
6279,6349,6294,P31. Gesti贸n y sostenibilidad ambiental en el campus UTP,"$ 149,899,948","$ 148,728,335"
6279,6350,6294,P32. Gesti贸n integral de la infraestructura f铆sica,"$ 21,231,719,544","$ 10,350,369,209"
6279,6351,6294,P33. Gesti贸n y sostenibilidad de recursos,"$ 44,981,347","$ 35,739,954"
6279,6352,6294,P34. Eficiencia en el uso de los recursos,$ -,$ -
6279,6353,6294,P35. Gesti贸n del Desarrollo Humano,"$ 503,448,564","$ 489,677,475"
6279,6354,6294,P36. Modernizaci贸n y Desarrollo Organizacional,"$ 69,495,379","$ 66,222,737"
6279,6355,6294,P37. Consolidaci贸n de los Sistemas de Gesti贸n,"$ 11,080,700","$ 6,722,310"
6279,6356,6294,P38. Transparencia gobernanza y legalidad,"$ 103,335,334","$ 103,335,334"
6279,6357,6294,P39. Gesti贸n de la Comunicaci贸n y Promoci贸n Institucional,$ -,$ -
6279,6358,6295,P40. Articulaci贸n de la pol铆tica de bienestar institucional,$ -,$ -
6279,6359,6295,P41. Implementaci贸n de la pol铆tica de Bienestar Institucional,"$ 325,977,824","$ 135,528,629"
6279,6360,6295,P42. Acompa帽amiento Integral e Inclusi贸n con enfoque diferencial para la calidad de vida y el bienestar institucional,"$ 1,566,644,083","$ 1,560,378,084"
6279,6361,6295,P43. Seguimiento al bienestar institucional calidad de vida e inclusi贸n en contextos universitarios,"$ 121,870,754","$ 121,870,754"
6279,6362,6295,P44. Cultura desarrollo humano y deporte universitario como estilo de vida UTP,"$ 367,505,537","$ 367,439,504"
6279,6363,6295,P45. Cr茅ditos de formaci贸n Vivencial,$ -,$ -
6279,6364,6295,P46. Gesti贸n para el fortalecimiento de la responsabilidad social el bienestar institucional y la calidad de vida,"$ 132,767,411","$ 119,622,274"
6279,6365,6295,P47. Protocolo log铆stica y eventos para la pertenencia los est铆mulos y el bienestar,"$ 52,195,007","$ 52,195,007"
5774,5795,5780,P1. Dise帽o y renovaci贸n curricular de los programas acad茅micos,"$ 41,262,500","$ 41,262,500"
5774,5796,5780,P2. Evaluaci贸n y aseguramiento de la calidad,"$ 424,016,712","$ 424,016,712"
5774,5799,5780,P3. Acceso e inserci贸n a la vida universitaria,"$ 143,146,929","$ 143,146,929"
5774,5800,5780,P4. Acompa帽amiento y seguimiento acad茅mico,"$ 159,607,250","$ 159,607,250"
5774,5801,5780,P5. Formaci贸n docente: avanzada continua y permanente,"$ 667,380,856","$ 601,886,886"
5774,5802,5780,P6. Acompa帽amiento al desarrollo del egresado,"$ 53,010,860","$ 53,010,860"
5774,5803,5780,P7. Vinculaci贸n de los egresados a los procesos institucionales,"$ 101,008,940","$ 101,008,940"
5774,5804,5780,P8. Aseguramiento de la infraestructura tecnologica para soportar los procesos de formaci贸n con TIC,"$ 778,660,142","$ 354,085,461"
5774,5805,5780,P9. Desarrollo de Ecosistemas TIC enfocados a experiencias y ambientes educativos interactivos,"$ 7,313,920",$ 0
5774,5806,5780,P10. Formaci贸n Acad茅mica mediada por ambientes virtuales,"$ 26,977,095","$ 16,785,179"
5774,5807,5780,P11. Capacidad acad茅mica y administrativa que garantice la proyecci贸n de la Educaci贸n Superior con TIC,"$ 5,918,982","$ 5,918,982"
5774,5813,5781,P12. Fortalecimiento de la Investigaci贸n Institucional,"$ 1,279,830,196","$ 1,272,310,259"
5774,5814,5781,P13. Internacionalizaci贸n de la Investigaci贸n Innovaci贸n y Extensi贸n,"$ 17,504,000","$ 17,504,000"
5774,5815,5781,P14. Fomento y Fortalecimiento de la Extensi贸n Universitaria,"$ 448,265,306","$ 353,038,636"
5774,5816,5781,P15. Promoci贸n comercializaci贸n y transferencia de capacidades institucionales a trav茅s de la prestaci贸n de Servicios de Extensi贸n,"$ 392,809,669","$ 387,526,085"
5774,5817,5781,P16. Vinculaci贸n de los estudiantes en el entorno a trav茅s de las pr谩cticas universitarias,"$ 22,660,000","$ 22,660,000"
5774,5818,5781,P17. Consolidaci贸n de las capacidades institucionales para la Gesti贸n del conocimiento Innovaci贸n y Emprendimiento,"$ 312,885,001","$ 304,453,514"
5774,5819,5781,P18. Centro de innovaci贸n y desarrollo tecnol贸gico,$ 0,$ 0
5774,5820,5781,P19. Nodo de Innovaci贸n en Biodiversidad,$ 0,$ 0
5774,5821,5781,P20. Implementaci贸n del Centro de Desarrollo Tecnol贸gico con Enfoque en Agroindustria para el Departamento De Risaralda,"$ 70,000,000","$ 69,162,950"
5774,5827,5782,P21. Articulaci贸n interna para la participaci贸n en escenarios externos y el desarrollo profesional del egresado,"$ 108,227,951","$ 108,227,951"
5774,5828,5782,P22. Banco de proyectos para la gesti贸n institucional,"$ 91,815,466","$ 91,815,466"
5774,5829,5782,P23. UTP como territorio de paz convivencia ciudadan铆a y democracia,"$ 15,316,835",$ 0
5774,5830,5782,P24. Ofertas acad茅micas gesti贸n de proyectos y alianzas para la ciudadan铆a la convivencia la democracia y la paz,"$ 21,689,870","$ 5,000,000"
5774,5831,5782,P25. Procesos de gesti贸n que aportan a la integraci贸n acad茅mica el desarrollo sostenible y la competitividad nacional,"$ 122,297,365","$ 121,656,158"
5774,5832,5782,P26. Movilizaci贸n social para la articulaci贸n de capacidades del territorio,"$ 634,086,703","$ 270,282,289"
5774,5833,5782,P27. Cooperaci贸n y movilidad nacional e internacional,"$ 78,560,560","$ 58,819,333"
5774,5834,5782,P28. Internacionalizaci贸n en casa,"$ 194,473,340","$ 176,376,433"
5774,5841,5783,P29. Sistema de Informaci贸n Institucional,"$ 1,828,849,934","$ 7,342,382,385"
5774,5842,5783,P30. Sostenibilidad de la Infraestructura Tecnol贸gica,"$ 6,134,932,531",
5774,5843,5783,P31. Gesti贸n y sostenibilidad ambiental en el campus UTP,"$ 134,861,748","$ 134,205,798"
5774,5844,5783,P32. Gesti贸n integral de la infraestructura f铆sica,"$ 26,535,941,445","$ 23,990,647,173"
5774,5845,5783,P33. Gesti贸n y sostenibilidad de recursos,"$ 30,900,000","$ 1,581,998"
5774,5846,5783,P34. Eficiencia en el uso de los recursos,"$ 20,600,000",$ 0
5774,5847,5783,P35. Gesti贸n del Desarrollo Humano,"$ 466,100,933","$ 466,100,933"
5774,5848,5783,P36. Modernizaci贸n y Desarrollo Organizacional,"$ 74,389,919","$ 12,574,320"
5774,5850,5783,P37. Consolidaci贸n de los Sistemas de Gesti贸n,"$ 24,873,248","$ 24,873,248"
5774,5851,5783,P38. Transparencia gobernanza y legalidad,"$ 61,858,866","$ 61,858,866"
5774,5852,5783,P39. Gesti贸n de la Comunicaci贸n y Promoci贸n Institucional,$ 0,$ 0
5774,5857,5784,P40. Articulaci贸n de la pol铆tica de bienestar institucional,"$ 243,669,887","$ 243,669,887"
5774,5858,5784,P41. Implementaci贸n de la pol铆tica de Bienestar Institucional,"$ 208,192,000","$ 165,667,538"
5774,5859,5784,P42. Acompa帽amiento Integral e Inclusi贸n con enfoque diferencial para la calidad de vida y el bienestar institucional,"$ 976,443,977","$ 930,315,046"
5774,5861,5784,P43. Seguimiento al bienestar institucional calidad de vida e inclusi贸n en contextos universitarios,"$ 265,329,310","$ 265,329,310"
5774,5862,5784,P44. Cultura desarrollo humano y deporte universitario como estilo de vida UTP,"$ 336,299,211","$ 336,299,211"
5774,5863,5784,P45. Cr茅ditos de formaci贸n Vivencial,"$ 5,120,000",$ 0
5774,5864,5784,P46. Gesti贸n para el fortalecimiento de la responsabilidad social el bienestar institucional y la calidad de vida,"$ 84,152,119","$ 63,846,845"
5774,5865,5784,P47. Protocolo log铆stica y eventos para la pertenencia los est铆mulos y el bienestar,"$ 82,562,525","$ 82,562,525"
5193,5224,5196,P1. Dise帽o y renovaci贸n curricular de los programas acad茅micos,"$ 40,465,803","$ 40,465,803"
5193,5225,5196,P2. Evaluaci贸n y aseguramiento de la calidad,"$ 189,452,087","$ 183,313,032"
5193,5226,5196,P3. Acceso e inserci贸n a la vida universitaria,"$ 97,273,524","$ 64,220,324"
5193,5227,5196,P4. Acompa帽amiento y seguimiento acad茅mico,"$ 274,958,498","$ 226,798,395"
5193,5228,5196,P5. Formaci贸n docente: avanzada continua y permanente,"$ 489,727,918","$ 425,905,636"
5193,5229,5196,P6. Acompa帽amiento al desarrollo del egresado,"$ 83,466,851","$ 83,466,851"
5193,5230,5196,P7. Vinculaci贸n de los egresados a los procesos institucionales,"$ 23,300,035","$ 23,300,035"
5193,5231,5196,P8. Aseguramiento de la infraestructura tecnologica para soportar los procesos de formaci贸n con TIC,"$ 12,194,450",$ 0
5193,5232,5196,P9. Desarrollo de Ecosistemas TIC enfocados a experiencias y ambientes educativos interactivos,"$ 8,626,534",$ 0
5193,5233,5196,P10. Formaci贸n Acad茅mica mediada por ambientes virtuales,"$ 57,951,803","$ 47,758,095"
5193,5234,5196,P11. Capacidad acad茅mica y administrativa que garantice la proyecci贸n de la Educaci贸n Superior con TIC,"$ 5,746,585","$ 5,746,585"
5193,5238,5197,P12. Fortalecimiento de la Investigaci贸n Institucional,"$ 1,338,312,935","$ 1,254,811,408"
5193,5239,5197,P13. Internacionalizaci贸n de la Investigaci贸n Innovaci贸n y Extensi贸n,"$ 17,000,000","$ 17,000,000"
5193,5240,5197,P14. Fomento y Fortalecimiento de la Extensi贸n Universitaria,"$ 584,455,906","$ 477,797,585"
5193,5241,5197,P15. Promoci贸n comercializaci贸n y transferencia de capacidades institucionales a trav茅s de la prestaci贸n de Servicios de Extensi贸n,"$ 69,000,000","$ 50,466,745"
5193,5242,5197,P16. Vinculaci贸n de los estudiantes en el entorno a trav茅s de las pr谩cticas universitarias,"$ 7,000,000","$ 7,000,000"
5193,5243,5197,P17. Consolidaci贸n de las capacidades institucionales para la Gesti贸n del conocimiento Innovaci贸n y Emprendimiento,"$ 241,063,279","$ 239,971,878"
5193,5244,5197,P18. Centro de innovaci贸n y desarrollo tecnol贸gico,$ 0,$ 0
5193,5245,5197,P19. Nodo de Innovaci贸n en Biodiversidad,$ 0,$ 0
5193,5246,5197,P20. Implementaci贸n del Centro de Desarrollo Tecnol贸gico con Enfoque en Agroindustria para el Departamento De Risaralda,$ 0,$ 0
5193,5247,5198,P21. Articulaci贸n interna para la participaci贸n en escenarios externos y el desarrollo profesional del egresado,"$ 100,403,076","$ 100,403,076"
5193,5248,5198,P22. Banco de proyectos para la gesti贸n institucional,"$ 88,852,670","$ 88,852,670"
5193,5249,5198,P23. UTP como territorio de paz convivencia ciudadan铆a y democracia,"$ 14,434,891","$ 14,434,891"
5193,5250,5198,P24. Ofertas acad茅micas gesti贸n de proyectos y alianzas para la ciudadan铆a la convivencia la democracia y la paz,"$ 20,137,636","$ 14,140,129"
5193,5251,5198,P25. Procesos de gesti贸n que aportan a la integraci贸n acad茅mica el desarrollo sostenible y la competitividad nacional,"$ 264,622,620","$ 262,293,859"
5193,5252,5198,P26. Movilizaci贸n social para la articulaci贸n de capacidades del territorio,"$ 130,181,229","$ 130,181,229"
5193,5253,5198,P27. Cooperaci贸n y movilidad nacional e internacional,"$ 206,347,903","$ 114,600,453"
5193,5254,5198,P28. Internacionalizaci贸n en casa,"$ 57,794,992","$ 42,240,000"
5193,5255,5199,P29. Sistema de Informaci贸n Institucional,"$ 978,224,632","$ 974,873,469"
5193,5256,5199,P30. Sostenibilidad de la Infraestructura Tecnol贸gica,"$ 6,475,678,699","$ 5,789,714,638"
5193,5257,5199,P31. Gesti贸n y sostenibilidad ambiental en el campus UTP,"$ 137,789,870","$ 136,138,026"
5193,5258,5199,P32. Gesti贸n integral de la infraestructura f铆sica,"$ 25,055,179,344","$ 17,677,379,077"
5193,5259,5199,P33. Gesti贸n y sostenibilidad de recursos,"$ 3,000,000","$ 3,000,000"
5193,5260,5199,P34. Eficiencia en el uso de los recursos,"$ 20,000,000","$ 20,000,000"
5193,5261,5199,P35. Gesti贸n del Desarrollo Humano,"$ 489,329,547","$ 481,211,232"
5193,5262,5199,P36. Modernizaci贸n y Desarrollo Organizacional,"$ 1,475,920","$ 1,475,920"
5193,5263,5199,P37. Consolidaci贸n de los Sistemas de Gesti贸n,"$ 27,974,478","$ 27,974,478"
5193,5264,5199,P38. Transparencia gobernanza y legalidad,"$ 60,057,151","$ 55,757,151"
5193,5265,5199,P39. Gesti贸n de la Comunicaci贸n y Promoci贸n Institucional,$ 0,$ 0
5193,5266,5200,P40. Articulaci贸n de la pol铆tica de bienestar institucional,$ 0,$ 0
5193,5267,5200,P41. Implementaci贸n de la pol铆tica de Bienestar Institucional,"$ 576,734,667","$ 328,586,563"
5193,5268,5200,P42. Acompa帽amiento Integral e Inclusi贸n con enfoque diferencial para la calidad de vida y el bienestar institucional,"$ 938,499,201","$ 834,624,702"
5193,5269,5200,P43. Seguimiento al bienestar institucional calidad de vida e inclusi贸n en contextos universitarios,"$ 164,422,949","$ 158,074,092"
5193,5270,5200,P44. Cultura desarrollo humano y deporte universitario como estilo de vida UTP,"$ 343,028,499","$ 323,966,448"
5193,5271,5200,P45. Cr茅ditos de formaci贸n Vivencial,"$ 67,739,128","$ 67,739,128"
5193,5272,5200,P46. Gesti贸n para el fortalecimiento de la responsabilidad social el bienestar institucional y la calidad de vida,"$ 75,150,762","$ 75,150,762"
5193,5273,5200,P47. Protocolo log铆stica y eventos para la pertenencia los est铆mulos y el bienestar,"$ 85,441,757","$ 85,441,757"
4697,4706,4700,P1. Dise帽o y renovaci贸n curricular de los programas acad茅micos,"$ 39,517,386","$ 39,192,000"
4697,4714,4700,P2. Evaluaci贸n y aseguramiento de la calidad,"$ 109,727,156","$ 101,815,758"
4697,4715,4700,P3. Acceso e inserci贸n a la vida universitaria,"$ 59,372,058","$ 59,109,810"
4697,4716,4700,P4. Acompa帽amiento y seguimiento acad茅mico,"$ 157,219,154","$ 154,571,041"
4697,4717,4700,P5. Formaci贸n docente: avanzada continua y permanente,"$ 479,226,482","$ 451,906,052"
4697,4718,4700,P6. Acompa帽amiento al desarrollo del egresado,"$ 82,260,596","$ 82,260,596"
4697,4719,4700,P7. Vinculaci贸n de los egresados a los procesos institucionales,"$ 22,753,941","$ 22,753,941"
4697,4720,4700,P8. Aseguramiento de la infraestructura tecnologica para soportar los procesos de formaci贸n con TIC,"$ 113,101,893","$ 110,594,620"
4697,4721,4700,P9. Desarrollo de Ecosistemas TIC enfocados a experiencias y ambientes educativos interactivos,"$ 8,424,350","$ 7,624,500"
4697,4722,4700,P10. Formaci贸n Acad茅mica mediada por ambientes virtuales,"$ 45,914,343","$ 24,176,500"
4697,4723,4700,P11. Capacidad acad茅mica y administrativa que garantice la proyecci贸n de la Educaci贸n Superior con TIC,"$ 95,611,900","$ 75,664,984"
4697,4727,4701,P12. Fortalecimiento de la Investigaci贸n Institucional,"$ 1,381,868,206","$ 1,275,941,622"
4697,4728,4701,P13. Internacionalizaci贸n de la Investigaci贸n Innovaci贸n y Extensi贸n,$ 0,$ 0
4697,4729,4701,P14. Fomento y Fortalecimiento de la Extensi贸n Universitaria,"$ 199,546,652","$ 171,486,968"
4697,4730,4701,P15. Promoci贸n comercializaci贸n y transferencia de capacidades institucionales a trav茅s de la prestaci贸n de Servicios de Extensi贸n,"$ 119,221,384","$ 98,454,384"
4697,4731,4701,P16. Vinculaci贸n de los estudiantes en el entorno a trav茅s de las pr谩cticas universitarias,"$ 5,293,254","$ 5,293,254"
4697,4732,4701,P17. Consolidaci贸n de las capacidades institucionales para la Gesti贸n del conocimiento Innovaci贸n y Emprendimiento,"$ 209,082,000","$ 208,360,281"
4697,4733,4701,P18. Centro de innovaci贸n y desarrollo tecnol贸gico,$ 0,$ 0
4697,4734,4701,P19. Nodo de Innovaci贸n en Biodiversidad,$ 0,$ 0
4697,4735,4701,P20. Implementaci贸n del Centro de Desarrollo Tecnol贸gico con Enfoque en Agroindustria para el Departamento De Risaralda,$ 0,$ 0
4697,4740,4702,P21. Articulaci贸n interna para la participaci贸n en escenarios externos y el desarrollo profesional del egresado,"$ 36,526,440","$ 36,526,440"
4697,4741,4702,P22. Banco de proyectos para la gesti贸n institucional,"$ 86,770,186","$ 85,753,141"
4697,4742,4702,P23. UTP como territorio de paz convivencia ciudadan铆a y democracia,"$ 14,095,359","$ 99,450"
4697,4743,4702,P24. Ofertas acad茅micas gesti贸n de proyectos y alianzas para la ciudadan铆a la convivencia la democracia y la paz,"$ 19,665,574","$ 8,823,300"
4697,4744,4702,P25. Procesos de gesti贸n que aportan a la integraci贸n acad茅mica el desarrollo sostenible y la competitividad nacional,"$ 424,663,029","$ 349,684,255"
4697,4745,4702,P26. Movilizaci贸n social para la articulaci贸n de capacidades del territorio,"$ 127,130,107","$ 120,711,412"
4697,4746,4702,P27. Cooperaci贸n y movilidad nacional e internacional,"$ 73,838,366","$ 61,049,750"
4697,4747,4702,P28. Internacionalizaci贸n en casa,"$ 215,582,391","$ 45,705,000"
4697,4753,4703,P29. Sistema de Informaci贸n Institucional,"$ 813,138,373","$ 750,638,491"
4697,4754,4703,P30. Sostenibilidad de la Infraestructura Tecnol贸gica,"$ 6,262,604,981","$ 5,073,885,412"
4697,4755,4703,P31. Gesti贸n y sostenibilidad ambiental en el campus UTP,"$ 134,560,420","$ 130,434,000"
4697,4756,4703,P32. Gesti贸n integral de la infraestructura f铆sica,"$ 18,529,110,737","$ 10,734,374,461"
4697,4757,4703,P33. Gesti贸n y sostenibilidad de recursos,"$ 39,348,465","$ 1,847,734"
4697,4758,4703,P34. Eficiencia en el uso de los recursos,"$ 10,118,227",$ 0
4697,4759,4703,P35. Gesti贸n del Desarrollo Humano,"$ 425,719,537","$ 367,688,170"
4697,4760,4703,P36. Modernizaci贸n y Desarrollo Organizacional,"$ 67,520,950","$ 17,905,020"
4697,4761,4703,P37. Consolidaci贸n de los Sistemas de Gesti贸n,"$ 44,932,352","$ 6,188,000"
4697,4762,4703,P38. Transparencia gobernanza y legalidad,"$ 58,649,562","$ 45,876,515"
4697,4763,4703,P39. Gesti贸n de la Comunicaci贸n y Promoci贸n Institucional,$ 0,$ 0
4697,4768,4704,P40. Articulaci贸n de la pol铆tica de bienestar institucional,"$ 345,000,000","$ 26,265,333"
4697,4769,4704,P41. Implementaci贸n de la pol铆tica de Bienestar Institucional,$ 0,$ 0
4697,4770,4704,P42. Acompa帽amiento Integral e Inclusi贸n con enfoque diferencial para la calidad de vida y el bienestar institucional,"$ 985,430,088","$ 925,464,737"
4697,4771,4704,P43. Seguimiento al bienestar institucional calidad de vida e inclusi贸n en contextos universitarios,"$ 143,839,479","$ 143,839,479"
4697,4772,4704,P44. Cultura desarrollo humano y deporte universitario como estilo de vida UTP,"$ 333,276,081","$ 238,308,381"
4697,4773,4704,P45. Cr茅ditos de formaci贸n Vivencial,"$ 35,200,000","$ 35,200,000"
4697,4774,4704,P46. Gesti贸n para el fortalecimiento de la responsabilidad social el bienestar institucional y la calidad de vida,"$ 104,497,665","$ 82,933,551"
4697,4775,4704,P47. Protocolo log铆stica y eventos para la pertenencia los est铆mulos y el bienestar,"$ 105,469,847","$ 46,331,842"
27087,27172,27093,P1. Dise帽o y renovaci贸n curricular de los programas acad茅micos,"$ 32,578,887","$ 32,578,887"
27087,27152,27093,P2. Evaluaci贸n y aseguramiento de la calidad,"$ 59,146,761","$ 59,146,761"
27087,27173,27093,P3. Acceso e inserci贸n a la vida universitaria,"$ 42,034,966","$ 38,500,000"
27087,27153,27093,P4. Acompa帽amiento y seguimiento acad茅mico,"$ 191,139,939","$ 185,817,626"
27087,27174,27093,P5. Formaci贸n docente: avanzada continua y permanente,"$ 569,653,779","$ 564,278,309"
27087,27154,27093,P6. Acompa帽amiento al desarrollo del egresado,"$ 59,224,386","$ 59,224,386"
27087,27175,27093,P7. Vinculaci贸n de los egresados a los procesos institucionales,"$ 64,612,193","$ 64,612,193"
27087,27176,27093,P8. Aseguramiento de la infraestructura tecnologica para soportar los procesos de formaci贸n con TIC,"$ 15,788,682","$ 13,243,284"
27087,27177,27093,P9. Desarrollo de Ecosistemas TIC enfocados a experiencias y ambientes educativos interactivos,"$ 8,507,511","$ 8,507,510"
27087,27155,27093,P10. Formaci贸n Acad茅mica mediada por ambientes virtuales,"$ 29,490,366","$ 25,178,243"
27087,27178,27093,P11. Capacidad acad茅mica y administrativa que garantice la proyecci贸n de la Educaci贸n Superior con TIC,"$ 6,793,200","$ 6,531,980"
27087,27179,27107,P12. Fortalecimiento de la Investigaci贸n Institucional,"$ 1,698,536,378","$ 1,695,250,045"
27087,27156,27107,P13. Internacionalizaci贸n de la Investigaci贸n Innovaci贸n y Extensi贸n,"$ 40,841,356","$ 36,358,269"
27087,27180,27107,P14. Fomento y Fortalecimiento de la Extensi贸n Universitaria,"$ 312,470,247","$ 307,112,679"
27087,27157,27107,P15. Promoci贸n comercializaci贸n y transferencia de capacidades institucionales a trav茅s de la prestaci贸n de Servicios de Extensi贸n,"$ 38,323,398","$ 35,978,466"
27087,27158,27107,P16. Vinculaci贸n de los estudiantes en el entorno a trav茅s de las pr谩cticas universitarias,"$ 31,391,520","$ 31,391,520"
27087,27159,27107,P17. Consolidaci贸n de las capacidades institucionales para la Gesti贸n del conocimiento Innovaci贸n y Emprendimiento,"$ 254,052,127","$ 252,697,762"
27087,27182,27107,P18. Nodo de Innovaci贸n en Biodiversidad,"$ 9,013,853","$ 9,004,320"
27087,27181,27107,P19. Centro de innovaci贸n y desarrollo tecnol贸gico,$ -,$ -
27087,27183,27107,P20. Implementaci贸n del Centro de Desarrollo Tecnol贸gico con Enfoque en Agroindustria para el Departamento De Risaralda,$ -,$ -
27087,27160,27094,P21. Articulaci贸n interna para la participaci贸n en escenarios externos y el desarrollo profesional del egresado,"$ 45,342,898","$ 45,342,898"
27087,27184,27094,P22. Banco de proyectos para la gesti贸n institucional,"$ 81,680,588","$ 81,680,588"
27087,27185,27094,P23. UTP como territorio de paz convivencia ciudadan铆a y democracia,"$ 8,714,800","$ 8,362,000"
27087,27186,27094,P24. Ofertas acad茅micas gesti贸n de proyectos y alianzas para la ciudadan铆a la convivencia la democracia y la paz,"$ 45,171,887","$ 37,185,033"
27087,27161,27094,P25. Procesos de gesti贸n que aportan a la integraci贸n acad茅mica el desarrollo sostenible y la competitividad nacional,"$ 189,977,018","$ 186,580,154"
27087,27187,27094,P26. Movilizaci贸n social para la articulaci贸n de capacidades del territorio,"$ 177,672,129","$ 175,505,462"
27087,27188,27094,P27. Cooperaci贸n y movilidad nacional e internacional,"$ 102,159,472","$ 97,768,948"
27087,27189,27094,P28. Internacionalizaci贸n en casa,"$ 430,849,224","$ 427,005,295"
27087,27162,27108,P29. Sistema de Informaci贸n Institucional,"$ 1,114,342,718","$ 1,095,203,034"
27087,27163,27108,P30. Sostenibilidad de la Infraestructura Tecnol贸gica,"$ 8,049,457,110","$ 5,500,777,350"
27087,27164,27108,P31. Gesti贸n y sostenibilidad ambiental en el campus UTP,"$ 165,964,068","$ 165,915,199"
27087,27165,27108,P32. Gesti贸n integral de la infraestructura f铆sica,"$ 19,751,207,210","$ 19,720,170,397"
27087,27166,27108,P33. Gesti贸n y sostenibilidad de recursos,$ -,$ -
27087,27190,27108,P34. Eficiencia en el uso de los recursos,"$ 53,424,771","$ 33,393,950"
27087,27192,27108,P35. Gesti贸n del Desarrollo Humano,"$ 543,692,981","$ 525,727,628"
27087,27207,27108,P36. Modernizaci贸n y Desarrollo Organizacional,"$ 11,050,844","$ 6,018,022"
27087,27208,27108,P37. Consolidaci贸n de los Sistemas de Gesti贸n,"$ 41,598,770","$ 41,598,770"
27087,27209,27108,P38. Transparencia gobernanza y legalidad,"$ 71,359,252","$ 71,002,252"
27087,27193,27108,P39. Gesti贸n de la Comunicaci贸n y Promoci贸n Institucional,$ -,$ -
27087,27210,27095,P40. Articulaci贸n de la pol铆tica de bienestar institucional,"$ 78,316,757","$ 78,260,648"
27087,27211,27095,P41. Implementaci贸n de la pol铆tica de Bienestar Institucional,"$ 190,449,195","$ 190,449,195"
27087,27213,27095,P42. Acompa帽amiento Integral e Inclusi贸n con enfoque diferencial para la calidad de vida y el bienestar institucional,"$ 977,483,523","$ 977,483,175"
27087,27214,27095,P43. Seguimiento al bienestar institucional calidad de vida e inclusi贸n en contextos universitarios,"$ 38,260,040","$ 38,190,940"
27087,27215,27095,P44. Cultura desarrollo humano y deporte universitario como estilo de vida UTP,"$ 377,730,337","$ 377,730,337"
27087,27216,27095,P45. Cr茅ditos de formaci贸n Vivencial,$ -,$ -
27087,27217,27095,P46. Gesti贸n para el fortalecimiento de la responsabilidad social el bienestar institucional y la calidad de vida,"$ 102,241,993","$ 101,927,235"
27087,27194,27095,P47. Protocolo log铆stica y eventos para la pertenencia los est铆mulos y el bienestar,"$ 83,591,308","$ 83,591,308"
28387,28413,28390,P1. Diseo y renovacin curricular de los programas acadmicos,"$ 34,305,270","$ 20,583,156"
28387,28414,28390,P2. Evaluacin y aseguramiento de la calidad,"$ 62,294,528","$ 42,878,700"
28387,28415,28390,P3. Acceso e insercin a la vida universitaria,"$ 37,510,000","$ 37,510,000"
28387,28416,28390,P4. Acompaamiento y seguimiento acadmico,"$ 570,771,752","$ 369,854,400"
28387,28417,28390,P5. Formacin docente: avanzada continua y permanente,"$ 644,225,390","$ 368,170,177"
28387,28418,28390,P6. Acompaamiento al desarrollo del egresado,"$ 62,169,140","$ 62,111,360"
28387,28419,28390,P7. Vinculacin de los egresados a los procesos institucionales,"$ 31,084,570","$ 31,055,680"
28387,28420,28390,P8. Aseguramiento de la infraestructura tecnologica para soportar los procesos de formacin con TIC,"$ 14,485,489",$ 0
28387,28421,28390,P9. Desarrollo de Ecosistemas TIC enfocados a experiencias y ambientes educativos interactivos,"$ 8,791,000",$ 0
28387,28422,28390,P10. Formacin Acadmica mediada por ambientes virtuales,"$ 24,262,547","$ 16,917,920"
28387,28423,28390,P11. Capacidad acadmica y administrativa que garantice la proyeccin de la Educacin Superior con TIC,"$ 7,153,300","$ 4,288,500"
28387,28490,28392,P12. Fortalecimiento de la Investigacin Institucional,"$ 1,699,829,911","$ 136,582,685"
28387,28491,28392,P13. Internacionalizacin de la Investigacin Innovacin y Extensin,"$ 17,912,653","$ 5,000,000"
28387,28492,28392,P14. Fomento y Fortalecimiento de la Extensin Universitaria,"$ 410,574,135","$ 167,361,864"
28387,28493,28392,P15. Promocin comercializacin y transferencia de capacidades institucionales a travs de la prestacin de Servicios de Extensin,"$ 47,406,020","$ 35,774,787"
28387,28494,28392,P16. Vinculacin de los estudiantes en el entorno a travs de las prcticas universitarias,"$ 44,554,690","$ 35,353,830"
28387,28495,28392,P17. Consolidacin de las capacidades institucionales para la Gestin del conocimiento Innovacin y Emprendimiento,"$ 299,845,795","$ 275,501,437"
28387,28496,28392,P19. Centro de innovacin y desarrollo tecnolgico,$ 0,$ 0
28387,28497,28392,P20. Implementacin del Centro de Desarrollo Tecnolgico con Enfoque en Agroindustria para el Departamento De Risaralda,$ 0,$ 0
28387,28591,28393,P21. Articulacin interna para la participacin en escenarios externos y el desarrollo profesional del egresado,"$ 118,824,320","$ 84,144,790"
28387,28593,28393,P22. Banco de proyectos para la gestin institucional,"$ 75,510,334","$ 58,162,598"
28387,28594,28393,P23. UTP como territorio de paz convivencia ciudadana y democracia,"$ 11,379,430","$ 1,610,800"
28387,28595,28393,P24. Ofertas acadmicas gestin de proyectos y alianzas para la ciudadana la convivencia la democracia y la paz,"$ 46,032,835","$ 22,977,785"
28387,28596,28393,P25. Procesos de gestin que aportan a la integracin acadmica el desarrollo sostenible y la competitividad nacional,"$ 154,287,809","$ 124,152,589"
28387,28597,28393,P26. Movilizacin social para la articulacin de capacidades del territorio,"$ 160,923,068","$ 142,113,138"
28387,28598,28393,P27. Cooperacin y movilidad nacional e internacional,"$ 87,432,334","$ 59,831,633"
28387,28599,28393,P28. Internacionalizacin en casa,"$ 633,861,102","$ 152,016,841"
28387,28669,28394,P29. Sistema de Informacin Institucional,"$ 1,456,769,401","$ 933,479,880"
28387,28670,28394,P30. Sostenibilidad de la Infraestructura Tecnolgica,"$ 6,805,433,113","$ 2,165,207,144"
28387,28671,28394,P31. Gestin y sostenibilidad ambiental en el campus UTP,"$ 172,397,922","$ 158,812,957"
28387,28673,28394,P32. Gestin integral de la infraestructura fsica,"$ 13,746,055,063","$ 2,568,273,280"
28387,28674,28394,P33. Gestin y sostenibilidad de recursos,"$ 5,428,422",$ 0
28387,28676,28394,P34. Eficiencia en el uso de los recursos,"$ 54,254,255","$ 45,168,349"
28387,28677,28394,P35. Gestin del Desarrollo Humano,"$ 583,931,024","$ 334,803,756"
28387,28678,28394,P36. Modernizacin y Desarrollo Organizacional,"$ 70,620,511","$ 57,546,940"
28387,28679,28394,P37. Consolidacin de los Sistemas de Gestin,"$ 44,461,727","$ 31,187,520"
28387,28680,28394,P38. Transparencia gobernanza y legalidad,"$ 65,275,754","$ 48,856,919"
28387,28681,28394,P39. Gestin de la Comunicacin y Promocin Institucional,$ 0,$ 0
28387,28751,28395,P40. Articulacin de la poltica de bienestar institucional,"$ 88,865,204","$ 86,176,637"
28387,28752,28395,P41. Implementacin de la poltica de Bienestar Institucional,"$ 497,900,005","$ 393,345,004"
28387,28753,28395,P42. Acompaamiento Integral e Inclusin con enfoque diferencial para la calidad de vida y el bienestar institucional,"$ 642,058,471","$ 528,066,174"
28387,28754,28395,P43. Seguimiento al bienestar institucional calidad de vida e inclusin en contextos universitarios,"$ 40,162,450","$ 36,000,000"
28387,28755,28395,P44. Cultura desarrollo humano y deporte universitario como estilo de vida UTP,"$ 374,548,005","$ 329,923,183"
28387,28756,28395,P46. Gestin para el fortalecimiento de la responsabilidad social el bienestar institucional y la calidad de vida,"$ 125,685,221","$ 85,145,563"
28387,28757,28395,P47. Valores smbolos e identidad institucional,"$ 83,523,130","$ 39,634,147"
